Campaign,Ad group,Keyword,Criterion Type,Final URL,Keyword status
DH-Brand,Brand-KW,馮命居,Phrase match,https://www.destinyhomehk.com/booking,Enabled
DH-Brand,Brand-KW,destiny home,Phrase match,https://www.destinyhomehk.com/booking,Enabled
DH-Brand,Brand-KW,sunny 師傅,Phrase match,https://www.destinyhomehk.com/booking,Enabled
DH-Brand,Brand-KW,sunny 紫微,Phrase match,https://www.destinyhomehk.com/booking,Enabled
DH-Brand,Brand-KW,中洲派 sunny,Phrase match,https://www.destinyhomehk.com/booking,Enabled
DH-FullReading,Ziwei-Full,紫微斗數,Phrase match,https://www.destinyhomehk.com/booking,Enabled
DH-FullReading,Ziwei-Full,紫微斗數 香港,Phrase match,https://www.destinyhomehk.com/booking,Enabled
DH-FullReading,Ziwei-Full,紫微斗數 全批,Phrase match,https://www.destinyhomehk.com/booking,Enabled
DH-FullReading,Ziwei-Full,紫微斗數 師傅,Phrase match,https://www.destinyhomehk.com/booking,Enabled
DH-FullReading,Ziwei-Full,算命 師傅 香港,Phrase match,https://www.destinyhomehk.com/booking,Enabled
DH-FullReading,Ziwei-Full,命理 師傅 香港,Phrase match,https://www.destinyhomehk.com/booking,Enabled
DH-FullReading,Local-Area,灣仔 紫微斗數,Phrase match,https://www.destinyhomehk.com/wan-chai-ziwei,Enabled
DH-FullReading,Local-Area,灣仔 算命,Phrase match,https://www.destinyhomehk.com/wan-chai-ziwei,Enabled
DH-FullReading,Local-Area,香港 算命師傅,Phrase match,https://www.destinyhomehk.com/wan-chai-ziwei,Enabled
DH-FullReading,Local-Area,香港 紫微斗數師傅,Phrase match,https://www.destinyhomehk.com/wan-chai-ziwei,Enabled
DH-FullReading,Local-Area,銅鑼灣 算命,Phrase match,https://www.destinyhomehk.com/wan-chai-ziwei,Enabled
DH-DateNameFeng,Wedding-Date,結婚擇日,Phrase match,https://www.destinyhomehk.com/wedding-date,Enabled
DH-DateNameFeng,Wedding-Date,結婚擇日 香港,Phrase match,https://www.destinyhomehk.com/wedding-date,Enabled
DH-DateNameFeng,Wedding-Date,婚禮 擇日,Phrase match,https://www.destinyhomehk.com/wedding-date,Enabled
DH-DateNameFeng,Wedding-Date,上頭 吉時,Phrase match,https://www.destinyhomehk.com/wedding-date,Enabled
DH-DateNameFeng,Wedding-Date,結婚 吉日,Phrase match,https://www.destinyhomehk.com/wedding-date,Enabled
DH-DateNameFeng,Wedding-Date,擺酒 擇日,Phrase match,https://www.destinyhomehk.com/wedding-date,Enabled
DH-DateNameFeng,Name-Change,改名 香港,Phrase match,https://www.destinyhomehk.com/booking,Enabled
DH-DateNameFeng,Name-Change,嬰兒 改名,Phrase match,https://www.destinyhomehk.com/booking,Enabled
DH-DateNameFeng,Name-Change,姓名學 總格,Phrase match,https://www.destinyhomehk.com/booking,Enabled
DH-DateNameFeng,Name-Change,改名 師傅,Phrase match,https://www.destinyhomehk.com/booking,Enabled
DH-DateNameFeng,Feng-Shui,家居 風水,Phrase match,https://www.destinyhomehk.com/booking,Enabled
DH-DateNameFeng,Feng-Shui,風水 師傅 香港,Phrase match,https://www.destinyhomehk.com/booking,Enabled
DH-DateNameFeng,Feng-Shui,風水 勘察,Phrase match,https://www.destinyhomehk.com/booking,Enabled
DH-Tools,Free-Chart,紫微 排盤,Phrase match,https://www.destinyhomehk.com/chart,Enabled
DH-Tools,Free-Chart,紫微斗數 排盤,Phrase match,https://www.destinyhomehk.com/chart,Enabled
DH-Tools,Free-Chart,命盤 免費,Phrase match,https://www.destinyhomehk.com/chart,Enabled
DH-Tools,Online-Lot,線上 求籤,Phrase match,https://www.destinyhomehk.com/qiu-qian,Enabled
DH-Tools,Online-Lot,觀音 靈籤,Phrase match,https://www.destinyhomehk.com/qiu-qian,Enabled
DH-Tools,Online-Lot,一事一問,Phrase match,https://www.destinyhomehk.com/qiu-qian,Enabled
